{"cameraMode":{"drawMode":0,"name":"Shaded","section":"Shading Mode"},"sceneLighting":true,"audioPlay":false,"sceneViewState":{"m_AlwaysRefresh":false,"showFog":true,"showSkybox":true,"showFlares":true,"showImageEffects":true,"showParticleSystems":true,"showVisualEffectGraphs":true,"m_FxEnabled":true},"in2DMode":false,"pivot":{"x":-0.019603729248046876,"y":0.0003857612609863281,"z":-0.02387714385986328},"rotation":{"x":0.1906982660293579,"y":-0.035639967769384387,"z":0.006927488837391138,"w":0.9809832572937012},"size":36.83205795288086,"orthographic":true}