{"cameraMode":{"drawMode":0,"name":"Shaded","section":"Shading Mode"},"sceneLighting":true,"audioPlay":false,"sceneViewState":{"m_AlwaysRefresh":false,"showFog":true,"showSkybox":true,"showFlares":true,"showImageEffects":true,"showParticleSystems":true,"showVisualEffectGraphs":true,"m_FxEnabled":true},"in2DMode":false,"pivot":{"x":-0.019603729248046876,"y":0.0003857612609863281,"z":-0.02387714385986328},"rotation":{"x":-0.02970726229250431,"y":0.9244754314422607,"z":-0.07365120947360993,"w":-0.3728848397731781},"size":8.537671089172364,"orthographic":true}